{
  "c_solar": 6191.829811914312,
  "c_wind": 3401.6788049788124,
  "batt_power": 7343.169914877474,
  "batt_energy": 29372.679659509897
}