{
  "c_solar": 6563.5960041490835,
  "c_wind": 3105.7650107973504,
  "batt_power": 7109.294623636526,
  "batt_energy": 28437.178494546104
}