{
  "c_solar": 6192.154274802252,
  "c_wind": 3401.6910305644956,
  "batt_power": 7343.174861828455,
  "batt_energy": 29372.69944731382
}