{
  "c_solar": 6173.5802555088685,
  "c_wind": 3338.110734393026,
  "batt_power": 7133.20369004544,
  "batt_energy": 28532.81476018176
}