{
  "c_solar": 6527.830146541284,
  "c_wind": 3191.6433815956675,
  "batt_power": 7323.184226442482,
  "batt_energy": 29292.73690576993
}