{
  "c_solar": 6194.138762632497,
  "c_wind": 3324.45126325397,
  "batt_power": 7132.117155976548,
  "batt_energy": 28528.468623906192
}