{
  "c_solar": 6364.120085758661,
  "c_wind": 3211.0754125233652,
  "batt_power": 2374.4806503055297,
  "batt_energy": 28493.767803666356
}