{
  "c_solar": 6192.154274802248,
  "c_wind": 3401.691030564498,
  "batt_power": 7343.174861828453,
  "batt_energy": 29372.69944731381
}