{
  "c_solar": 4619.739917071035,
  "c_wind": 3538.919892036252,
  "batt_power": 499.5072890033853,
  "batt_energy": 30035.972595214844
}