{
  "c_solar": 1000.0,
  "c_wind": 5041.346928647705,
  "batt_power": 8662.967743571802,
  "batt_energy": 34651.87097428721
}