{
  "c_solar": 6191.829811914318,
  "c_wind": 3401.6788049788092,
  "batt_power": 7343.169914877466,
  "batt_energy": 29372.679659509864
}